feature_name	feature_importance
cg27352622	0.1836733148650527
cg19076985	0.1642863191656913
cg03629335	0.14342907438613695
cg21055197	0.13492637287189863
cg00827581	0.13001034487474525
cg06500161	0.11475309548410917
cg08726900	0.10556628296952222
cg11078090	0.0945012133843122
cg17722508	0.08330794507781245
cg05484949	0.07911777852359984
cg14153852	0.07795400724066437
cg03767807	0.0766299438596494
cg00574958	0.0759309398598666
cg17901584	0.06773564645720306
