fpr,tpr
0.0,0.0
0.20909090909090908,0.58
0.21818181818181817,0.58
0.21818181818181817,0.59
0.39090909090909093,0.76
0.41818181818181815,0.76
0.41818181818181815,0.77
0.44545454545454544,0.77
0.44545454545454544,0.78
0.45454545454545453,0.78
0.4818181818181818,0.85
0.5727272727272728,0.92
1.0,1.0
