fpr,tpr
0.0,0.0
0.11818181818181818,0.39
0.19090909090909092,0.59
0.2545454545454545,0.69
0.2727272727272727,0.69
0.37272727272727274,0.77
0.4,0.78
0.4090909090909091,0.78
0.45454545454545453,0.84
0.5181818181818182,0.86
1.0,1.0
