fpr,tpr
0.0,0.0
0.11818181818181818,0.32
0.21818181818181817,0.56
0.21818181818181817,0.59
0.22727272727272727,0.61
0.3181818181818182,0.74
0.45454545454545453,0.81
0.5454545454545454,0.85
0.5545454545454546,0.86
0.6363636363636364,0.88
0.6545454545454545,0.89
0.6727272727272727,0.91
0.6727272727272727,0.92
0.7272727272727273,0.94
0.7454545454545455,0.96
1.0,1.0
