fpr,tpr
0.0,0.0
0.03636363636363636,0.09
0.17272727272727273,0.29
0.22727272727272727,0.31
0.34545454545454546,0.52
0.34545454545454546,0.55
0.38181818181818183,0.57
0.39090909090909093,0.57
0.4909090909090909,0.66
0.5636363636363636,0.73
0.6818181818181818,0.78
0.6909090909090909,0.78
0.8909090909090909,0.87
0.9181818181818182,0.91
0.9545454545454546,0.95
1.0,1.0
