feature_name	feature_importance
cg27352622	0.5464242
cg19076985	0.52721494
cg21055197	0.5045768
cg14153852	0.3529146
cg00827581	0.34574473
cg03629335	0.3236679
cg11078090	0.2920322
cg08726900	0.2920016
cg06500161	0.2890216
cg05484949	0.2608766
cg17722508	0.26036444
cg03767807	0.25945508
cg17901584	0.23899926
cg00574958	0.14680973
