feature_name	feature_importance
cg06500161	0.10096991854763206
cg21055197	0.09985349751670297
cg14153852	0.09983265684201577
cg05484949	0.09430004353533815
cg00827581	0.09286870361295364
cg17901584	0.08569220058982475
cg08726900	0.05567946774986794
cg11078090	0.04528484859116407
cg03767807	0.043166806445434525
cg27352622	0.03717043416517068
cg00574958	0.03432198942398636
cg19076985	0.02590994287960457
cg03629335	0.008398363675746926
cg17722508	0.006943573724707311
