fpr,tpr
0.0,0.0
0.21818181818181817,0.56
0.22727272727272727,0.61
0.45454545454545453,0.81
0.6272727272727273,0.87
0.6545454545454545,0.89
0.6727272727272727,0.92
0.7454545454545455,0.96
1.0,1.0
