feature_name	feature_importance
cg27352622	0.056105357
cg19076985	0.051562894
cg14153852	0.030163476
cg17722508	0.014008077
cg03629335	0.011720645
cg00827581	0.011664301
cg08726900	0.008052654
cg00574958	0.0059811412
cg06500161	0.0038386458
cg21055197	0.003139866
cg03767807	0.0014690022
cg11078090	0.0
cg17901584	0.0
cg05484949	0.0
