feature_name	feature_importance
cg14153852	0.250729422339555
cg05484949	0.22800350214826187
cg19076985	0.20761718404283502
cg27352622	0.15282332177427907
cg06500161	0.1241958195426848
cg11078090	0.098826408159123
cg03629335	0.0874336173908174
cg08726900	0.0850086300160923
cg00574958	0.07799530724873867
cg21055197	0.060819107949277515
cg17722508	0.060275998831684316
cg17901584	0.059657897808113196
cg03767807	0.04634721364460991
cg00827581	0.04374164596355008
