feature_name	feature_importance
cg05484949	0.3093940804285792
cg19076985	0.2893501134271736
cg00827581	0.28249565555402556
cg14153852	0.22191332079276205
cg11078090	0.20406490178635353
cg21055197	0.19306581316294258
cg17901584	0.11528511082302985
cg03629335	0.0844077690646339
cg03767807	0.08275009378453548
cg27352622	0.0689214403243781
cg06500161	0.05374566341603044
cg08726900	0.042058959950247964
cg17722508	0.0400958594766812
cg00574958	0.005419904474443399
