feature_name	feature_importance
cg06500161	0.3056109500982957
cg21055197	0.30175742182363263
cg05484949	0.2829001306060145
cg14153852	0.28188034719922955
cg00827581	0.26979740203141345
cg17901584	0.25707660176947433
cg08726900	0.17406020704119998
cg11078090	0.13585454577349224
cg03767807	0.1281398104289538
cg27352622	0.1246433093184031
cg00574958	0.09927843470134406
cg19076985	0.027872158966634555
cg17722508	0.023301359686339267
cg03629335	0.016986359963261796
