feature_name	feature_importance
cg27352622	0.4125973
cg19076985	0.3378599
cg14153852	0.270702
cg17901584	0.25012934
cg11078090	0.23435421
cg03629335	0.23424341
cg21055197	0.2250694
cg05484949	0.19646892
cg17722508	0.17530063
cg00574958	0.16356233
cg08726900	0.15785828
cg06500161	0.14286347
cg00827581	0.1236513
cg03767807	0.122575216
