feature_name	feature_importance
cg00574958	0.12435304303271862
cg03629335	0.11350693845519294
cg03767807	0.09037837054504351
cg21055197	0.08629699068517308
cg11078090	0.038552469218763125
cg17901584	0.03501106108609123
cg14153852	0.03444153855965494
cg06500161	0.033790517410230834
cg27352622	0.030376720326240024
cg17722508	0.024676262183424537
cg05484949	0.020524727218079734
cg19076985	0.013585403153898949
cg00827581	0.005470867981284316
cg08726900	0.0049805401683658615
