fpr,tpr
0.0,0.0
0.16363636363636364,0.54
0.16363636363636364,0.55
0.21818181818181817,0.59
0.32727272727272727,0.74
0.32727272727272727,0.75
0.36363636363636365,0.76
0.4090909090909091,0.77
0.4090909090909091,0.78
0.42727272727272725,0.78
0.45454545454545453,0.78
0.4636363636363636,0.82
0.4818181818181818,0.85
0.5545454545454546,0.89
0.7272727272727273,0.93
0.7454545454545455,0.96
1.0,1.0
