fpr,tpr
0.0,0.0
0.1,0.32
0.16363636363636364,0.55
0.16363636363636364,0.56
0.22727272727272727,0.67
0.23636363636363636,0.68
0.2636363636363636,0.69
0.3090909090909091,0.74
0.3181818181818182,0.76
0.33636363636363636,0.78
0.35454545454545455,0.79
0.38181818181818183,0.8
0.41818181818181815,0.8
0.43636363636363634,0.82
0.5454545454545454,0.86
0.5545454545454546,0.86
0.5727272727272728,0.86
0.5909090909090909,0.88
0.7272727272727273,0.92
0.7272727272727273,0.93
0.8636363636363636,0.96
1.0,1.0
