feature_name	feature_importance
cg00574958	0.37305912909815586
cg03629335	0.3405208153655788
cg03767807	0.27113511163513054
cg21055197	0.25889097205551925
cg17901584	0.10503318325827371
cg14153852	0.09817954470778628
cg11078090	0.07883338542609124
cg06500161	0.07863339359446975
cg17722508	0.07402878655027365
cg05484949	0.07372002410679286
cg27352622	0.05569245177277244
cg19076985	0.04962915506516325
cg00827581	0.016412603943852997
cg08726900	0.014941620505097638
