feature_name	feature_importance
cg27352622	0.13615410350282442
cg03629335	0.11371358635801275
cg19076985	0.09899858744757714
cg21055197	0.08690953337501671
cg11078090	0.0739238612463436
cg05484949	0.07259877196177306
cg00574958	0.07070490918007225
cg08726900	0.06541022630630296
cg06500161	0.06061608131689542
cg17722508	0.05406238011277629
cg14153852	0.046041780478959585
cg03767807	0.040838555825936325
cg17901584	0.03742819705574005
cg00827581	0.028502131562729825
