fpr,tpr
0.0,0.0
0.045454545454545456,0.03
0.07272727272727272,0.06
0.18181818181818182,0.28
0.19090909090909092,0.29
0.37272727272727274,0.53
0.4,0.54
0.4,0.56
0.42727272727272725,0.58
0.5454545454545454,0.64
0.6,0.73
0.6181818181818182,0.73
0.7272727272727273,0.77
0.7363636363636363,0.78
0.8909090909090909,0.88
0.9272727272727272,0.9
0.9454545454545454,0.92
0.9545454545454546,0.92
1.0,1.0
