feature_name	feature_importance
cg27352622	0.41856912
cg19076985	0.34181148
cg21055197	0.33727512
cg14153852	0.27791092
cg03629335	0.24525264
cg11078090	0.23282406
cg05484949	0.22857688
cg08726900	0.1835561
cg17722508	0.15947862
cg03767807	0.15359944
cg06500161	0.14811362
cg17901584	0.11405765
cg00574958	0.0
cg00827581	0.0
