feature_name	feature_importance
cg19076985	0.3534323657293869
cg14153852	0.27793191353809277
cg05484949	0.26960042693745484
cg17901584	0.2305577397334407
cg11078090	0.2255706160866069
cg21055197	0.19414849221095232
cg00827581	0.19266074605947686
cg03629335	0.17752095624256659
cg27352622	0.16444100591711658
cg17722508	0.13153974706805002
cg08726900	0.11263140757334938
cg03767807	0.09243225423000573
cg06500161	0.08575457732236767
cg00574958	0.06152602908312518
