feature_name	feature_importance
cg05484949	0.29713641316138617
cg19076985	0.28177992707084354
cg00827581	0.27050099029754343
cg14153852	0.2174921852949639
cg11078090	0.2021454311400811
cg21055197	0.18859337666409887
cg17901584	0.11323133266711313
cg03629335	0.08409975598007503
cg03767807	0.07981582169442894
cg27352622	0.06832660163738741
cg06500161	0.05370082571919375
cg08726900	0.042265506014920004
cg17722508	0.04080178846704964
cg00574958	0.006402748825220098
