feature_name	feature_importance
cg03767807	0.3569807073374484
cg19076985	0.3449832968344807
cg03629335	0.27295319169210563
cg17901584	0.22640403826456235
cg14153852	0.16942343267963297
cg17722508	0.15295027923492505
cg11078090	0.1294353710486333
cg05484949	0.12177491066071551
cg00827581	0.07211963599932518
cg00574958	0.06075489708856054
cg06500161	0.04637902643301458
cg21055197	0.02339655642058241
cg08726900	0.021659837123065254
cg27352622	0.0013360338662757843
