feature_name	feature_importance
cg27352622	0.4941603
cg14153852	0.48942852
cg19076985	0.46320605
cg21055197	0.41678584
cg17722508	0.41552404
cg05484949	0.4060286
cg00827581	0.40383038
cg17901584	0.38091773
cg11078090	0.3734751
cg08726900	0.3417005
cg03629335	0.2996836
cg03767807	0.26351508
cg06500161	0.25588113
cg00574958	0.2033008
