feature_name	feature_importance
cg27352622	0.1684231871726657
cg19076985	0.1473190335185996
cg03629335	0.11180720725325084
cg11078090	0.08064590184051505
cg14153852	0.08005815449993901
cg08726900	0.07807951138714964
cg21055197	0.07767661773475974
cg06500161	0.07431801881410918
cg17722508	0.06853661589607851
cg03767807	0.06696332119248667
cg00574958	0.06165059340368253
cg00827581	0.057047203162361254
cg05484949	0.043004167156040315
cg17901584	0.0401274130702649
