feature_name	feature_importance
PBG	0.22353117423254895
HOMA.B	0.1729962570072172
FPG	0.1304085037148295
RBC	0.11717960008448686
Age	0.07086373354818545
FINS	0.02587759283809752
HDLC	0.018931355069161753
HB	0.007532253740539046
BUN	0.0023768496532356443
WBC	0.0
PLT	0.0
HCT	0.0
HBA1C	0.0
BMI	0.0
WACC	0.0
HSCRP	0.0
DBP	0.0
SBP	0.0
Sex	0.0
WEIGHT	0.0
UCR	0.0
CKMB	0.0
UMACRR	0.0
UMA	0.0
SCR	0.0
EGFR	0.0
TBIL	0.0
AST	0.0
ALT	0.0
FFA	0.0
LDLC	0.0
TC	0.0
TG	0.0
HOMA.IR	0.0
Dose	0.0
