fpr,tpr
0.0,0.0
0.33636363636363636,0.74
0.38181818181818183,0.77
0.41818181818181815,0.78
0.42727272727272725,0.78
1.0,1.0
