fpr,tpr
0.0,0.0
0.09090909090909091,0.28
0.24545454545454545,0.58
0.24545454545454545,0.6
0.2727272727272727,0.66
0.38181818181818183,0.74
0.5727272727272728,0.9
0.7,0.91
1.0,1.0
