fpr,tpr
0.0,0.0
0.11818181818181818,0.38
0.16363636363636364,0.48
0.21818181818181817,0.62
0.23636363636363636,0.63
0.2909090909090909,0.69
0.32727272727272727,0.69
0.35454545454545455,0.72
0.35454545454545455,0.73
0.38181818181818183,0.75
0.4727272727272727,0.79
0.5272727272727272,0.81
0.5363636363636364,0.85
0.5454545454545454,0.86
0.6454545454545455,0.89
0.7090909090909091,0.92
0.7272727272727273,0.95
1.0,1.0
