feature_name	feature_importance
cg27352622	0.50125486
cg19076985	0.48661005
cg21055197	0.34474644
cg14153852	0.33300298
cg11078090	0.25132015
cg03629335	0.24365331
cg08726900	0.21954301
cg03767807	0.21941102
cg17722508	0.19754839
cg06500161	0.19594926
cg05484949	0.15513754
cg17901584	0.15211657
cg00827581	0.12046954
cg00574958	0.09631067
