feature_name	feature_importance
cg19076985	0.15785158432785779
cg03629335	0.12859330659273352
cg27352622	0.0964275670684217
cg17901584	0.09620630375982686
cg11078090	0.09129372168066241
cg03767807	0.08885079327109523
cg14153852	0.08795276417105956
cg21055197	0.07753910930794486
cg05484949	0.0707987951154218
cg17722508	0.05992313453589128
cg00827581	0.055271186294484104
cg06500161	0.052982519554434504
cg00574958	0.02663955326298742
cg08726900	0.017282186833507057
