feature_name	feature_importance
PBG	0.32945803758539804
HOMA.B	0.28061305508693934
RBC	0.1683583771716319
Age	0.09503985849050636
FPG	0.0841985665613141
HDLC	0.010128665853905473
Dose	0.008134180474680636
DBP	0.0
WEIGHT	0.0
CKMB	0.0
WACC	0.0
BMI	0.0
WBC	0.0
SBP	0.0
HCT	0.0
PLT	0.0
HB	0.0
Sex	0.0
HSCRP	0.0
HBA1C	0.0
UMACRR	0.0
UMA	0.0
SCR	0.0
EGFR	0.0
BUN	0.0
TBIL	0.0
AST	0.0
ALT	0.0
FFA	0.0
LDLC	0.0
TC	0.0
TG	0.0
HOMA.IR	0.0
FINS	0.0
UCR	0.0
