fpr,tpr
0.0,0.0
0.03636363636363636,0.05
0.03636363636363636,0.07
0.045454545454545456,0.07
0.3,0.48
0.38181818181818183,0.56
0.5,0.6
0.5272727272727272,0.63
0.5272727272727272,0.64
0.5363636363636364,0.64
0.5818181818181818,0.68
0.5909090909090909,0.69
0.6090909090909091,0.7
0.6181818181818182,0.72
0.6818181818181818,0.77
0.6818181818181818,0.79
0.9090909090909091,0.92
1.0,1.0
