fpr,tpr
0.0,0.0
0.18181818181818182,0.57
0.19090909090909092,0.57
0.21818181818181817,0.59
0.35454545454545455,0.76
0.37272727272727274,0.77
0.4090909090909091,0.78
0.44545454545454544,0.82
0.45454545454545453,0.82
0.4727272727272727,0.85
0.7181818181818181,0.93
0.7272727272727273,0.93
1.0,1.0
