feature_name	feature_importance
cg27352622	0.2890465
cg21055197	0.22339182
cg00827581	0.20274866
cg11078090	0.15259635
cg19076985	0.14241304
cg03629335	0.13247128
cg05484949	0.12939654
cg06500161	0.12038937
cg14153852	0.11587827
cg03767807	0.1150232
cg00574958	0.10041972
cg17901584	0.099819385
cg17722508	0.08882172
cg08726900	0.039701752
