feature_name	feature_importance
cg00574958	0.07960798880547523
cg21055197	0.07103665646004188
cg03629335	0.056511581633145
cg00827581	0.051325710489939544
cg14153852	0.04826159080754855
cg27352622	0.04271710360878668
cg06500161	0.04170583743433441
cg17722508	0.04032850945223479
cg17901584	0.019970566374472778
cg08726900	0.01777498965604614
cg19076985	0.01304182143129543
cg03767807	0.011013167576579844
cg05484949	0.010397882210551846
cg11078090	0.005839268558170495
