fpr,tpr
0.0,0.0
0.08181818181818182,0.26
0.17272727272727273,0.46
0.17272727272727273,0.47
0.17272727272727273,0.53
0.18181818181818182,0.59
0.23636363636363636,0.67
0.24545454545454545,0.67
0.24545454545454545,0.68
0.2545454545454545,0.68
0.2727272727272727,0.68
0.32727272727272727,0.75
0.34545454545454546,0.76
0.34545454545454546,0.78
0.37272727272727274,0.8
0.39090909090909093,0.83
0.6545454545454545,0.91
0.6545454545454545,0.92
0.6636363636363637,0.92
0.6818181818181818,0.93
1.0,1.0
