fpr,tpr
0.0,0.0
0.13636363636363635,0.44
0.16363636363636364,0.55
0.19090909090909092,0.56
0.19090909090909092,0.57
0.20909090909090908,0.59
0.21818181818181817,0.59
0.2727272727272727,0.7
0.3090909090909091,0.74
0.32727272727272727,0.75
0.34545454545454546,0.75
0.36363636363636365,0.76
0.37272727272727274,0.76
0.4,0.8
0.42727272727272725,0.81
0.44545454545454544,0.84
0.4636363636363636,0.85
0.4818181818181818,0.85
0.5272727272727272,0.9
0.7272727272727273,0.93
0.7454545454545455,0.95
1.0,1.0
