fpr,tpr
0.0,0.0
0.1,0.32
0.1,0.33
0.16363636363636364,0.56
0.17272727272727273,0.57
0.23636363636363636,0.68
0.2636363636363636,0.69
0.2818181818181818,0.7
0.2909090909090909,0.72
0.33636363636363636,0.77
0.36363636363636365,0.78
0.38181818181818183,0.8
0.41818181818181815,0.8
0.43636363636363634,0.8
0.44545454545454544,0.8
0.4818181818181818,0.84
0.5909090909090909,0.88
0.5909090909090909,0.89
0.7272727272727273,0.93
0.8636363636363636,0.96
1.0,1.0
