fpr,tpr
0.0,0.0
0.16363636363636364,0.55
0.16363636363636364,0.57
0.19090909090909092,0.59
0.21818181818181817,0.59
0.3090909090909091,0.74
0.3181818181818182,0.74
0.32727272727272727,0.75
0.34545454545454546,0.76
0.38181818181818183,0.77
0.4090909090909091,0.77
0.4090909090909091,0.78
0.44545454545454544,0.82
0.45454545454545453,0.82
0.4727272727272727,0.85
0.4818181818181818,0.85
0.7090909090909091,0.93
0.7272727272727273,0.93
1.0,1.0
