feature_name	feature_importance
cg00574958	0.21211472754021676
cg21055197	0.19922251186216977
cg14153852	0.17059489721168383
cg03629335	0.15810845373921711
cg17722508	0.12812690071266244
cg06500161	0.12680177441759438
cg27352622	0.11325507796465364
cg00827581	0.08550639468818952
cg17901584	0.08149702817114973
cg08726900	0.05332496896813845
cg19076985	0.046252560016712456
cg03767807	0.04297573158854448
cg05484949	0.0402205645512444
cg11078090	0.012179201153579285
