feature_name	feature_importance
cg27352622	0.10761617
cg00827581	0.09850788
cg17901584	0.037718516
cg03767807	0.035422817
cg14153852	0.031662926
cg00574958	0.030391192
cg21055197	0.023566088
cg11078090	0.0169815
cg05484949	0.016476639
cg19076985	0.0130488975
cg03629335	0.012197495
cg17722508	0.0113511365
cg06500161	0.0069354046
cg08726900	0.0
