feature_name	feature_importance
cg00827581	0.37984173397612164
cg14153852	0.3630331740357741
cg05484949	0.32101791303647775
cg19076985	0.3040067386322526
cg11078090	0.26501629289439604
cg17901584	0.25891652220425937
cg21055197	0.2569163300374112
cg03629335	0.18648537488664585
cg27352622	0.1816284576806892
cg17722508	0.1373650728689024
cg08726900	0.1336897918387792
cg06500161	0.12619337922973592
cg03767807	0.09572073831391861
cg00574958	0.0644452857399831
