feature_name	feature_importance
cg05484949	0.34040854827969425
cg00827581	0.3134120979720763
cg19076985	0.30840497677953027
cg14153852	0.23340779710306458
cg11078090	0.21235161031949448
cg21055197	0.2060070923632971
cg17901584	0.12419504158257827
cg03767807	0.09379308697947797
cg03629335	0.0903155691463414
cg27352622	0.07493541662601642
cg06500161	0.060223300391484394
cg08726900	0.043722976860628635
cg17722508	0.041020165347008676
cg00574958	0.008276670864708433
