fpr,tpr
0.0,0.0
0.07272727272727272,0.25
0.20909090909090908,0.54
0.24545454545454545,0.6
0.2636363636363636,0.63
0.2727272727272727,0.63
0.33636363636363636,0.74
0.35454545454545455,0.75
0.35454545454545455,0.77
0.42727272727272725,0.79
0.42727272727272725,0.8
0.45454545454545453,0.86
0.5727272727272728,0.9
0.7,0.91
1.0,1.0
