feature_name	feature_importance
cg00827581	0.7117140203738616
cg05484949	0.4683988709151567
cg17901584	0.4042734472115709
cg14153852	0.39779364383486304
cg03629335	0.3038827760003419
cg11078090	0.27628930064264173
cg21055197	0.22728510562096146
cg27352622	0.21968952095205116
cg00574958	0.18261652513654877
cg19076985	0.17521686748052606
cg08726900	0.16041676537228847
cg03767807	0.10594373760343989
cg17722508	0.08859311061578455
cg06500161	0.014730605362625814
