feature_name	feature_importance
cg14153852	0.4899809
cg27352622	0.48244354
cg19076985	0.48188776
cg21055197	0.37622705
cg06500161	0.37278652
cg11078090	0.3609233
cg08726900	0.34568784
cg17722508	0.32856223
cg00827581	0.3070204
cg17901584	0.28553525
cg05484949	0.26335397
cg00574958	0.26105568
cg03629335	0.25776646
cg03767807	0.24741544
